Carrier,0
AC,3.3993324218086127
DC,0.4338557779998551
oil,0.03432615090082143
CCGT,0.0
solar,2.3019240985259004
geothermal,0.0
coal,2.751017317061296
offwind-ac,0.29448722477678363
onwind,12.39626233309091
OCGT,4.724939881434316
nuclear,0.0
lignite,7.081088760272551
offwind-dc,0.05717653392771938
biomass,3.141598303409659
hydro,0.052910448001317785
PHS,1.3883747302228269
ror,0.8555302237959979
,0.0
battery,0.0
H2,0.0
load,0.0
