Carrier,0
AC,2.9482461511907667
DC,0.06397036082994946
oil,0.03432615090082143
CCGT,0.0
solar,8.31111057198133
geothermal,0.0
coal,2.795845774239637
offwind-ac,0.62238446596567
onwind,9.084301657806355
OCGT,5.741093655184839
nuclear,0.0
lignite,7.090403414490826
offwind-dc,0.05717612556322786
biomass,2.8885314904068204
hydro,0.05291194536018731
PHS,1.3883710826914288
ror,0.855529141648784
,0.0
battery,0.0
H2,0.0
load,0.0
