Carrier,0
AC,3.4039264419749315
DC,0.43388771302152046
oil,0.03432615090082143
CCGT,0.0
solar,3.1720536791989473
geothermal,0.0
coal,2.751017317061296
offwind-ac,0.2944737085378153
onwind,12.84641490714883
OCGT,4.616477457518481
nuclear,0.0
lignite,7.081088760272551
offwind-dc,0.057172780471400265
biomass,3.145950806123497
hydro,0.052910448001317785
PHS,1.3883720145822707
ror,0.8555305163961401
,0.0
battery,0.0
H2,0.0
load,0.0
