Carrier,0
AC,3.399178079322811
DC,0.433763347486315
oil,0.03432615090082143
CCGT,0.0
solar,1.9742789417675852
geothermal,0.0
coal,2.751017317061296
offwind-ac,0.2944552160617572
onwind,12.394422412093782
OCGT,14.975769107125684
nuclear,0.0
lignite,7.081088760272551
offwind-dc,0.05716902701508114
biomass,3.3901053885017043
hydro,0.052910448001317785
PHS,1.388371693773397
ror,0.8555305163961401
,0.0
battery,0.0
H2,0.0
load,0.0
