Carrier,0
AC,3.4153466034788016
DC,0.4489412212057844
oil,0.03432615090082143
CCGT,0.0
solar,1.9742796733005181
geothermal,0.0
coal,2.751017317061296
offwind-ac,0.29448333535882415
onwind,13.385975581159482
OCGT,5.090578653941979
nuclear,0.0
lignite,7.081088760272551
offwind-dc,0.05717435817286537
biomass,3.4490916032184304
hydro,0.052910448001317785
PHS,1.3883721612553535
ror,0.8555309383163239
,0.0
battery,0.0
H2,0.0
load,0.0
