Carrier,0
AC,3.399178079322811
DC,0.433875192635765
oil,0.03432615090082143
CCGT,0.0
solar,1.9736340518984283
geothermal,0.0
coal,2.751017317061296
offwind-ac,0.29448722477678363
onwind,12.396260453567194
OCGT,16.378230853443934
nuclear,0.0
lignite,7.135067228088469
offwind-dc,0.05717653392771938
biomass,3.3797292804042134
hydro,0.052910448001317785
PHS,1.3883732835882274
ror,0.8555302237959979
,0.0
battery,0.0
H2,0.0
load,0.0
