Carrier,0
AC,3.399178079322986
DC,0.43363314001572756
oil,0.03580618560672442
CCGT,0.0
solar,6.741573454784519
geothermal,0.0
coal,2.9786245934647306
offwind-ac,0.29445967061670597
onwind,12.395760044915932
OCGT,5.761137518581564
nuclear,0.0
lignite,7.082580133072452
offwind-dc,0.057176533927719396
biomass,2.9594163207999413
hydro,0.052910448001317785
PHS,1.3883905686128422
ror,0.8555281331258554
,0.0
battery,0.0
H2,0.0
load,0.0
