Carrier,0
AC,3.0174233660863927
DC,0.4486611988795719
oil,0.03432615090082143
CCGT,0.0
solar,5.752389494122437
geothermal,0.0
coal,2.751017317061296
offwind-ac,0.6223990887737484
onwind,9.054351905920242
OCGT,4.470084509727415
nuclear,0.0
lignite,7.081088760272551
offwind-dc,0.057176621995335575
biomass,3.4127447170666323
hydro,0.05290760566348018
PHS,1.3883704961197798
ror,0.8554907360575428
,0.0
battery,0.0
H2,0.0
load,0.0
