Carrier,0
AC,2.903856321054569
DC,0.3497996211626856
oil,0.03432615090082143
CCGT,0.0
solar,6.74859713992555
geothermal,0.0
coal,2.751017317061296
offwind-ac,0.6223421943203199
onwind,9.178943832267015
OCGT,5.00230843963422
nuclear,0.0
lignite,7.081088760272551
offwind-dc,0.05717120011904297
biomass,2.9512370480886223
hydro,0.05291194536018731
PHS,1.3883692035801836
ror,0.855529141648784
,0.0
battery,0.0
H2,0.0
load,0.0
