Carrier,0
AC,3.4092754769201106
DC,0.4338335443050523
oil,0.03432615090082143
CCGT,0.0
solar,1.974277981989847
geothermal,0.0
coal,2.751017317061296
offwind-ac,0.294485720946343
onwind,12.549027631516182
OCGT,4.684849793284018
nuclear,0.0
lignite,7.081088760272551
offwind-dc,0.05717653392771938
biomass,3.18124973360811
hydro,0.052910448001317785
PHS,1.3883740781290315
ror,0.8555302237959979
,0.0
battery,0.0
H2,0.0
load,0.0
