Carrier,0
AC,2.912206788705389
DC,0.2133829766909837
oil,0.03432615090082143
CCGT,0.0
solar,5.8736801138982235
geothermal,0.0
coal,2.751017317061296
offwind-ac,0.6223262550262304
onwind,8.719139219599985
OCGT,10.779991827173252
nuclear,0.0
lignite,7.081088760272551
offwind-dc,0.05717007594246679
biomass,3.4179177308086577
hydro,0.05291194536018731
PHS,1.3883709592633109
ror,0.855529141648784
,0.0
battery,0.0
H2,0.0
load,0.0
