Carrier,0
AC,3.399178079322811
DC,0.4336298621570377
oil,0.11974725240054938
CCGT,0.0
solar,1.9742212213051777
geothermal,0.0
coal,8.136630727030917
offwind-ac,0.29444469050126365
onwind,12.39561543238537
OCGT,12.296638869652305
nuclear,0.0
lignite,7.137760926668796
offwind-dc,0.05717653392771938
biomass,3.1397383547907456
hydro,0.052910448001317785
PHS,1.3884143508043827
ror,0.8555233092446232
,0.0
battery,0.0
H2,0.0
load,40.229245038037384
