Carrier,0
AC,2.8859664803946363
DC,0.06396501457521694
oil,0.07280705859779221
CCGT,0.0
solar,5.751880701180381
geothermal,0.0
coal,4.432270586521345
offwind-ac,0.6223338958173875
onwind,8.720217533006814
OCGT,10.993966424390516
nuclear,0.0
lignite,7.13303576222537
offwind-dc,0.05716985633772543
biomass,3.2044362668051423
hydro,0.05291194536018731
PHS,1.3883705120169283
ror,0.855529141648784
,0.0
battery,0.0
H2,0.0
load,24.929415354121268
