Carrier,0
AC,2.973557504269556
DC,0.06397041442533478
oil,0.03432615090082143
CCGT,0.0
solar,5.922099977418771
geothermal,0.0
coal,2.751017317061296
offwind-ac,0.6223913227716372
onwind,9.50065860134221
OCGT,4.938908876954787
nuclear,0.0
lignite,7.081088760272551
offwind-dc,0.057176621995335575
biomass,3.0288120548959436
hydro,0.05291194536018731
PHS,1.388374663849373
ror,0.855529141648784
,0.0
battery,0.0
H2,0.0
load,0.0
