Carrier,0
AC,3.399178079322811
DC,0.4338177991291587
oil,0.03432615090082143
CCGT,0.0
solar,1.9742789417675852
geothermal,0.0
coal,2.751017317061296
offwind-ac,0.2944583595948783
onwind,12.394415656373287
OCGT,12.614004546958448
nuclear,0.0
lignite,7.821999234614442
offwind-dc,0.0571700066631573
biomass,3.3901053885017056
hydro,0.052910448001317785
PHS,1.3883717148500792
ror,0.8555305163961401
,0.0
battery,0.0
H2,0.0
load,0.0
