Carrier,0
AC,3.4687022200872697
DC,0.4611109376115005
oil,0.03432615090082143
CCGT,0.0
solar,1.9738503865729053
geothermal,0.0
coal,2.751017317061296
offwind-ac,0.2944927499462796
onwind,13.38666253280353
OCGT,3.94723293188309
nuclear,0.0
lignite,7.081088760272551
offwind-dc,0.4507712507383968
biomass,3.385554326759428
hydro,0.052910448001317785
PHS,1.3883839719065032
ror,0.8555309383163239
,0.0
battery,0.0
H2,0.0
load,0.0
