Carrier,0
AC,2.8859664803946363
DC,0.06397556021343867
oil,0.03432615090082143
CCGT,0.0
solar,5.752389494128657
geothermal,0.0
coal,2.751017317061296
offwind-ac,0.6223262550262303
onwind,8.719113916607325
OCGT,9.549718564437306
nuclear,0.0
lignite,8.084156798184136
offwind-dc,0.05717007594246678
biomass,3.0549287880587617
hydro,0.05291194536018731
PHS,1.388370471647443
ror,0.855529141648784
,0.0
battery,0.0
H2,0.0
load,0.0
