Carrier,0
AC,2.8859664803946363
DC,0.06396865303505476
oil,0.03432615090082143
CCGT,0.0
solar,5.752389494128657
geothermal,0.0
coal,2.751017317061296
offwind-ac,0.6223938605707063
onwind,8.720332546672198
OCGT,5.496793844696778
nuclear,0.0
lignite,7.1029308606193755
offwind-dc,0.057176621995335554
biomass,2.9719750304934958
hydro,0.05291049879461827
PHS,1.3883698639281152
ror,0.855516339785037
,0.0
battery,0.0
H2,0.0
load,0.0
