Carrier,0
AC,3.146105615801588
DC,0.25318782888064445
oil,0.03432615090082143
CCGT,0.0
solar,5.751369894731328
geothermal,0.0
coal,2.751017317061296
offwind-ac,0.6223917816725739
onwind,11.259443636206948
OCGT,3.2724698103165957
nuclear,0.0
lignite,7.081088760272551
offwind-dc,0.057176621995335554
biomass,3.000699656834739
hydro,0.05291194536018731
PHS,1.388369686994481
ror,0.855529141648784
,0.0
battery,0.0
H2,0.0
load,0.0
