Carrier,0
AC,2.906630257371175
DC,0.06397355626345474
oil,0.03432615090082143
CCGT,0.0
solar,9.64026192895739
geothermal,0.0
coal,2.9843116634782723
offwind-ac,0.6223172748482448
onwind,8.720141507297578
OCGT,6.053270502543153
nuclear,0.0
lignite,7.0825801418615315
offwind-dc,0.05717062561157757
biomass,2.997582364840128
hydro,0.05291194536018731
PHS,1.388372562985982
ror,0.855529141648784
,0.0
battery,0.0
H2,0.0
load,0.0
