Carrier,0
AC,3.2364897229333223
DC,0.3146868570629871
oil,0.03432615090082143
CCGT,0.0
solar,5.750860095035774
geothermal,0.0
coal,2.751017317061296
offwind-ac,0.6223949301267548
onwind,12.598700333515612
OCGT,2.5029105266065894
nuclear,0.0
lignite,7.081088760272551
offwind-dc,0.057176621995335575
biomass,3.394690009563286
hydro,0.05291194536018731
PHS,1.3883932634001634
ror,0.855529141648784
,0.0
battery,0.0
H2,0.0
load,0.0
