Carrier,0
AC,2.964572775354953
DC,0.2785857009201797
oil,0.03432615090082143
CCGT,0.0
solar,5.752389494122437
geothermal,0.0
coal,2.751017317061296
offwind-ac,0.6223986166951048
onwind,8.835671979738166
OCGT,4.5260851436017395
nuclear,0.0
lignite,7.081088760272551
offwind-dc,0.057176621995335554
biomass,2.7006937435936766
hydro,0.05291049879461827
PHS,1.3883701186355593
ror,0.855516339785037
,0.0
battery,0.0
H2,0.0
load,0.0
