Carrier,0
AC,3.399178079322811
DC,0.4338872922450462
oil,0.03432615090082143
CCGT,0.0
solar,1.973848416695387
geothermal,0.0
coal,2.751017317061296
offwind-ac,0.2944877341129051
onwind,12.396275898413675
OCGT,11.803301729410997
nuclear,0.0
lignite,7.081088760272551
offwind-dc,0.05717653392771938
biomass,3.3795370955926716
hydro,0.052910448001317785
PHS,1.3883735845438536
ror,0.8555301746244028
,0.0
battery,0.0
H2,0.0
load,0.0
