Carrier,0
AC,3.110846301700155
DC,0.30913591137905533
oil,0.03432615090082143
CCGT,0.0
solar,5.752389494122437
geothermal,0.0
coal,2.751017317061296
offwind-ac,0.6223938605707063
onwind,9.728012024099003
OCGT,3.939004222636691
nuclear,0.0
lignite,7.081088760272551
offwind-dc,0.057176621995335554
biomass,2.910135334454657
hydro,0.05289901201224293
PHS,1.3883704740342493
ror,0.8554255257349879
,0.0
battery,0.0
H2,0.0
load,0.0
