Carrier,0
AC,3.399178079322986
DC,0.4338787192957672
oil,0.03432615090082143
CCGT,0.0
solar,2.965997662291729
geothermal,0.0
coal,2.751017317061296
offwind-ac,0.2944927499462796
onwind,12.396352837755376
OCGT,4.473549929452387
nuclear,0.0
lignite,7.081088760272551
offwind-dc,0.057176533927719396
biomass,3.1005266784009238
hydro,0.052910448001317785
PHS,1.3883740250455556
ror,0.8555309383163239
,0.0
battery,0.0
H2,0.0
load,0.0
