Carrier,0
AC,3.5328840014581187
DC,0.5921963396138413
oil,0.03432615090082143
CCGT,0.0
solar,1.9736335568812604
geothermal,0.0
coal,2.751017317061296
offwind-ac,0.29449103915210434
onwind,13.386618987215618
OCGT,3.825143537023998
nuclear,0.0
lignite,7.081088760272551
offwind-dc,1.6857939913578324
biomass,3.2925224320631665
hydro,0.05291042932955461
PHS,1.3883718228232405
ror,0.8555307499116612
,0.0
battery,0.0
H2,0.0
load,0.0
