Carrier,0
AC,3.477992957651341
DC,0.7266755516317271
oil,0.03432615090082143
CCGT,0.0
solar,1.9739868648665886
geothermal,0.0
coal,2.751017317061296
offwind-ac,0.2944937143073972
onwind,13.364618538347612
OCGT,3.898936932000219
nuclear,0.0
lignite,7.081088760272551
offwind-dc,0.057176533927719396
biomass,3.3985371851104653
hydro,0.052910448001317785
PHS,1.3883761767962746
ror,0.8555309383163239
,0.0
battery,0.0
H2,0.0
load,0.0
