Carrier,0
AC,2.8859664803946363
DC,0.0639637589587242
oil,0.03432615090082143
CCGT,0.0
solar,5.752389494128657
geothermal,0.0
coal,2.751017317061296
offwind-ac,0.6223503755825218
onwind,8.719549068042413
OCGT,8.943279265085097
nuclear,0.0
lignite,7.2013769601406175
offwind-dc,0.05717225796008971
biomass,3.0549287880587617
hydro,0.05291194536018731
PHS,1.3883703366833908
ror,0.855529141648784
,0.0
battery,0.0
H2,0.0
load,0.0
