Carrier,0
AC,3.399178079322811
DC,0.43388390795852727
oil,0.03432615090082143
CCGT,0.0
solar,1.9742789417675852
geothermal,0.0
coal,2.751017317061296
offwind-ac,0.294480920540875
onwind,12.395696379500968
OCGT,6.429292225918348
nuclear,0.0
lignite,7.081088760272551
offwind-dc,0.057174358172865355
biomass,3.364503133286339
hydro,0.052910448001317785
PHS,1.3883723990013939
ror,0.8555305163961401
,0.0
battery,0.0
H2,0.0
load,0.0
