Carrier,0
AC,2.926080369520163
DC,0.06396588101767646
oil,0.03432615090082143
CCGT,0.0
solar,9.074889203455845
geothermal,0.0
coal,2.8006926574195896
offwind-ac,0.6223698373006804
onwind,8.720348138692476
OCGT,4.722541967677233
nuclear,0.0
lignite,7.081088760272551
offwind-dc,0.05717470628304853
biomass,3.0345626016424023
hydro,0.05291194536018731
PHS,1.3883721489493193
ror,0.855529141648784
,0.0
battery,0.0
H2,0.0
load,0.0
