Carrier,0
AC,2.9413649931403527
DC,0.06397489011307927
oil,0.03432615090082143
CCGT,0.0
solar,6.255672133619294
geothermal,0.0
coal,2.751017317061296
offwind-ac,0.6223958187670633
onwind,8.990216103791042
OCGT,4.635822753174387
nuclear,0.0
lignite,7.081088760272551
offwind-dc,0.057176621995335575
biomass,3.1996217236846047
hydro,0.05291194536018731
PHS,1.388372937703294
ror,0.855529141648784
,0.0
battery,0.0
H2,0.0
load,0.0
