Carrier,0
AC,3.399178079322986
DC,0.43390134301987304
oil,0.03432615090082143
CCGT,0.0
solar,2.1922737172250892
geothermal,0.0
coal,2.751017317061296
offwind-ac,0.2944927499462796
onwind,12.396357052960129
OCGT,4.579666194314272
nuclear,0.0
lignite,7.081088760272551
offwind-dc,0.057176533927719396
biomass,3.388780418316755
hydro,0.052910448001317785
PHS,1.3883762019668002
ror,0.8555309383163239
,0.0
battery,0.0
H2,0.0
load,0.0
