Carrier,0
AC,3.407035169043902
DC,0.43366615276003495
oil,0.03432615090082143
CCGT,0.0
solar,6.285902422866988
geothermal,0.0
coal,2.751017317061296
offwind-ac,0.2944414670885204
onwind,12.39370877749798
OCGT,4.921624444314742
nuclear,0.0
lignite,7.081088760272551
offwind-dc,0.05716572129858422
biomass,3.441287215173535
hydro,0.052910448001317785
PHS,1.3883738735860995
ror,0.8555309383163239
,0.0
battery,0.0
H2,0.0
load,0.0
