Carrier,0
AC,3.4594787005877015
DC,0.43380763102741265
oil,0.03432615090082143
CCGT,0.0
solar,1.9742796733005181
geothermal,0.0
coal,2.751017317061296
offwind-ac,0.2944927499462796
onwind,13.092761877053913
OCGT,4.452334183093116
nuclear,0.0
lignite,7.081088760272551
offwind-dc,0.057176533927719396
biomass,3.3736548725939883
hydro,0.05290085214173079
PHS,1.3883778297370468
ror,0.8554507962838482
,0.0
battery,0.0
H2,0.0
load,0.0
