Carrier,0
AC,2.916447991258907
DC,0.40654062934269547
oil,0.03432615090082143
CCGT,0.0
solar,5.752389494122437
geothermal,0.0
coal,2.751017317061296
offwind-ac,0.6223744961388132
onwind,9.319008382342044
OCGT,5.093534736129296
nuclear,0.0
lignite,7.081088760272551
offwind-dc,0.057174439977712634
biomass,2.873083315128298
hydro,0.05291194536018731
PHS,1.3883692035801836
ror,0.855529141648784
,0.0
battery,0.0
H2,0.0
load,0.0
