Carrier,0
AC,2.9920143763043097
DC,0.834603264775351
oil,0.03432615090082143
CCGT,0.0
solar,5.752389494122437
geothermal,0.0
coal,2.751017317061296
offwind-ac,0.6223995810074396
onwind,9.163702534528628
OCGT,4.306270516896065
nuclear,0.0
lignite,7.081088760272551
offwind-dc,0.057176621995335554
biomass,2.6853027371476528
hydro,0.05291194536018731
PHS,1.388369494863602
ror,0.855529141648784
,0.0
battery,0.0
H2,0.0
load,0.0
