Carrier,0
AC,2.9971438043854257
DC,0.3956147178835929
oil,0.03432615090082143
CCGT,0.0
solar,5.752389494122437
geothermal,0.0
coal,2.751017317061296
offwind-ac,0.6223986166951048
onwind,9.032411966376388
OCGT,4.284963755144072
nuclear,0.0
lignite,7.081088760272551
offwind-dc,0.057176621995335575
biomass,3.4267275458335074
hydro,0.05290905222904922
PHS,1.3883704961197798
ror,0.85550353792129
,0.0
battery,0.0
H2,0.0
load,0.0
