Carrier,0
AC,2.8859664803946363
DC,0.06390138766381286
oil,0.03432615090082143
CCGT,0.0
solar,5.752389494128657
geothermal,0.0
coal,2.751017317061296
offwind-ac,0.6223938605707063
onwind,8.7203340262766
OCGT,7.770440483289438
nuclear,0.0
lignite,7.472923286216513
offwind-dc,0.057176621995335554
biomass,3.2148599229686465
hydro,0.05289901201224293
PHS,1.3883719365400362
ror,0.8554255257349879
,0.0
battery,0.0
H2,0.0
load,0.0
