Carrier,0
AC,2.8859664803946363
DC,0.06397066924640674
oil,0.03432615090082143
CCGT,0.0
solar,5.752389494128657
geothermal,0.0
coal,2.751017317061296
offwind-ac,0.6223589406406881
onwind,8.719772513535807
OCGT,7.26035992983614
nuclear,0.0
lignite,7.098691485715699
offwind-dc,0.057172857734936446
biomass,3.085757078092751
hydro,0.05291194536018731
PHS,1.3883702999630925
ror,0.855529141648784
,0.0
battery,0.0
H2,0.0
load,0.0
