Carrier,0
AC,3.0524979529368443
DC,0.14562397367176688
oil,0.03432615090082143
CCGT,0.0
solar,5.752389494122437
geothermal,0.0
coal,2.751017317061296
offwind-ac,0.6223976199291611
onwind,9.265682287204625
OCGT,4.290875069586846
nuclear,0.0
lignite,7.081088760272551
offwind-dc,0.057176621995335554
biomass,3.050472759580018
hydro,0.052903323128224385
PHS,1.388369983671507
ror,0.8554600643729199
,0.0
battery,0.0
H2,0.0
load,0.0
