Carrier,0
AC,3.0612497683320217
DC,0.1921184755133879
oil,0.03432615090082143
CCGT,0.0
solar,5.751735709700586
geothermal,0.0
coal,2.751017317061296
offwind-ac,0.6223986166951048
onwind,10.251567700913414
OCGT,4.0567295014281965
nuclear,0.0
lignite,7.081088760272551
offwind-dc,0.057176621995335575
biomass,3.41404210533109
hydro,0.05291194536018731
PHS,1.3883708040360594
ror,0.855529141648784
,0.0
battery,0.0
H2,0.0
load,0.0
