Carrier,0
AC,3.464241838285676
DC,0.4375363123851782
oil,0.03432615090082143
CCGT,0.0
solar,1.9742796733005181
geothermal,0.0
coal,2.751017317061296
offwind-ac,0.29449461583182246
onwind,12.500393290225965
OCGT,4.912470263736128
nuclear,0.0
lignite,7.081088760272551
offwind-dc,0.057176533927719396
biomass,3.3973714972922466
hydro,0.0529091062687596
PHS,1.3883756293127891
ror,0.8555180100822674
,0.0
battery,0.0
H2,0.0
load,0.0
