Carrier,0
AC,2.8859664803946363
DC,0.06397778113945152
oil,0.03432615090082143
CCGT,0.0
solar,5.752389494128657
geothermal,0.0
coal,2.751017317061296
offwind-ac,0.6223744961388132
onwind,8.719984216094641
OCGT,6.157632207151309
nuclear,0.0
lignite,7.0986914857157
offwind-dc,0.057174439977712634
biomass,3.02275015920473
hydro,0.05291194536018731
PHS,1.3883710468799166
ror,0.855529141648784
,0.0
battery,0.0
H2,0.0
load,0.0
