Carrier,0
AC,3.399178079322811
DC,0.4338005359631387
oil,0.03432615090082143
CCGT,0.0
solar,1.9742777034229995
geothermal,0.0
coal,2.751017317061296
offwind-ac,0.29448571568919213
onwind,12.39627288416502
OCGT,6.134200749405403
nuclear,0.0
lignite,7.081088760272551
offwind-dc,0.05717653392771938
biomass,3.305910971710719
hydro,0.052906422803643244
PHS,1.3883749949998472
ror,0.8554917063623712
,0.0
battery,0.0
H2,0.0
load,0.0
