Carrier,0
AC,3.399178079322811
DC,0.43382298900147387
oil,0.03432615090082143
CCGT,0.0
solar,1.9742777034229995
geothermal,0.0
coal,2.751017317061296
offwind-ac,0.2944856134627219
onwind,12.39627835230699
OCGT,5.453567776558581
nuclear,0.0
lignite,7.081088760272551
offwind-dc,0.05717653392771938
biomass,3.2531273767830915
hydro,0.0529091062687596
PHS,1.3883742897718503
ror,0.8555173518703924
,0.0
battery,0.0
H2,0.0
load,0.0
