Carrier,0
AC,2.9482461511907667
DC,0.06397069015270647
oil,0.03432615090082143
CCGT,0.0
solar,8.311110571981331
geothermal,0.0
coal,2.795845774239436
offwind-ac,0.6223843629326438
onwind,9.084301107057753
OCGT,5.53938320818314
nuclear,0.0
lignite,7.090403414490879
offwind-dc,0.057176125563227875
biomass,2.887338202504964
hydro,0.05291194536018731
PHS,1.3883710826914288
ror,0.855529141648784
,0.0
battery,0.0
H2,0.0
load,0.0
