Carrier,0
AC,3.4643886331196314
DC,0.4338192624801603
oil,0.03432615090082143
CCGT,0.0
solar,1.974277981989847
geothermal,0.0
coal,2.751017317061296
offwind-ac,0.294485720946343
onwind,12.793985129942513
OCGT,4.654916131424339
nuclear,0.0
lignite,7.081088760272551
offwind-dc,0.05717653392771938
biomass,3.222424172236748
hydro,0.05290405076159312
PHS,1.3883742761303366
ror,0.8554770067344394
,0.0
battery,0.0
H2,0.0
load,0.0
