Carrier,0
AC,3.4039264419749315
DC,0.4338919991199274
oil,0.03432615090082143
CCGT,0.0
solar,3.17205441073188
geothermal,0.0
coal,2.751017317061296
offwind-ac,0.2944761233557644
onwind,12.846443341119945
OCGT,4.634305725126667
nuclear,0.0
lignite,7.081088760272551
offwind-dc,0.057172780471400265
biomass,3.455372247152792
hydro,0.052910448001317785
PHS,1.3883721105161075
ror,0.8555309383163239
,0.0
battery,0.0
H2,0.0
load,0.0
