Carrier,0
AC,3.399178079322811
DC,0.4337386614023236
oil,0.03432615090082143
CCGT,0.0
solar,1.974277981989847
geothermal,0.0
coal,2.751017317061296
offwind-ac,0.2944860852956732
onwind,12.396275159693012
OCGT,13.035306355339062
nuclear,0.0
lignite,7.081088760272551
offwind-dc,0.05717653392771938
biomass,3.364067177853061
hydro,0.05290245062491371
PHS,1.3883736362022259
ror,0.8554606314013262
,0.0
battery,0.0
H2,0.0
load,0.0
