Carrier,0
AC,3.399178079322811
DC,0.43382147315354364
oil,0.0618765264684137
CCGT,0.0
solar,1.974269209894233
geothermal,0.0
coal,4.7657227284696955
offwind-ac,0.29447916138662017
onwind,12.396232494633395
OCGT,7.986013387568905
nuclear,0.0
lignite,7.100476606671266
offwind-dc,0.05717653392771938
biomass,3.0293999999038124
hydro,0.052910448001317785
PHS,1.3883790605541815
ror,0.8555297767183521
,0.0
battery,0.0
H2,0.0
load,11.182824234089537
