Carrier,0
AC,3.408321036433364
DC,0.4337884772604584
oil,0.03432615090082143
CCGT,0.0
solar,5.227420647724314
geothermal,0.0
coal,2.751017317061296
offwind-ac,0.2944552160617572
onwind,12.39442272021096
OCGT,4.605990011403619
nuclear,0.0
lignite,7.081088760272551
offwind-dc,0.05716902701508114
biomass,3.1062629714319763
hydro,0.052910448001317785
PHS,1.3883706566437093
ror,0.8555309383163239
,0.0
battery,0.0
H2,0.0
load,0.0
