Carrier,0
AC,3.427307558319311
DC,0.43387867005115316
oil,0.03432615090082143
CCGT,0.0
solar,1.9740640701589731
geothermal,0.0
coal,2.751017317061296
offwind-ac,0.29448481652429703
onwind,12.940676180346316
OCGT,4.841759819314848
nuclear,0.0
lignite,7.081088760272551
offwind-dc,0.05717653392771938
biomass,3.289716285862668
hydro,0.052910448001317785
PHS,1.3883720463873954
ror,0.8555306457161818
,0.0
battery,0.0
H2,0.0
load,0.0
