Carrier,0
AC,3.399178079322811
DC,0.433745126455317
oil,0.03432615090082143
CCGT,0.0
solar,1.9742777034229995
geothermal,0.0
coal,2.751017317061296
offwind-ac,0.29448571568919213
onwind,12.39627288416502
OCGT,13.172776495443681
nuclear,0.0
lignite,7.081088760272551
offwind-dc,0.05717653392771938
biomass,3.366695781555618
hydro,0.05290085214173079
PHS,1.3883739582345342
ror,0.8554503490320651
,0.0
battery,0.0
H2,0.0
load,0.0
