Carrier,0
AC,3.4048617938573327
DC,0.43383901714124756
oil,0.03432615090082143
CCGT,0.0
solar,4.1392084923440535
geothermal,0.0
coal,2.751017317061296
offwind-ac,0.29446562664222237
onwind,12.395010023149409
OCGT,4.6820898733865945
nuclear,0.0
lignite,7.081088760272551
offwind-dc,0.057171127613151795
biomass,3.3525497797052686
hydro,0.052910448001317785
PHS,1.3883709975400078
ror,0.8555309383163239
,0.0
battery,0.0
H2,0.0
load,0.0
