Carrier,0
AC,2.8859664803946363
DC,0.06390138766381286
oil,0.03432615090082143
CCGT,0.0
solar,5.752389494128657
geothermal,0.0
coal,2.751017317061296
offwind-ac,0.6223938605707063
onwind,8.72033360905725
OCGT,7.021064296872789
nuclear,0.0
lignite,7.472923286216523
offwind-dc,0.057176621995335554
biomass,3.163733756776936
hydro,0.05290169342891755
PHS,1.38837121006974
ror,0.8554501769130479
,0.0
battery,0.0
H2,0.0
load,0.0
