Carrier,0
AC,3.4067280468200516
DC,0.4335634160052447
oil,0.03432615090082143
CCGT,0.0
solar,8.063368156782419
geothermal,0.0
coal,2.751017317061296
offwind-ac,0.2944148927168694
onwind,12.392380819103598
OCGT,6.034143435299334
nuclear,0.0
lignite,7.081088760272551
offwind-dc,0.057160314984016636
biomass,3.120278671619188
hydro,0.052910448001317785
PHS,1.38836928834108
ror,0.8555309383163239
,0.0
battery,0.0
H2,0.0
load,0.0
