Carrier,0
AC,3.5328840014581187
DC,0.5921518897742123
oil,0.03432615090082143
CCGT,0.0
solar,1.973635743209099
geothermal,0.0
coal,2.751017317061296
offwind-ac,0.2944927499462796
onwind,13.386671696256252
OCGT,2.272821990193631
nuclear,0.0
lignite,7.081088760272551
offwind-dc,1.6858129608002288
biomass,3.400621917098057
hydro,0.052910448001317785
PHS,1.3883960807535054
ror,0.8555309383163239
,0.0
battery,0.0
H2,0.0
load,0.0
