Carrier,0
AC,3.463578124994357
DC,0.4339133107318628
oil,0.03432615090082143
CCGT,0.0
solar,1.973939978500936
geothermal,0.0
coal,2.751017317061296
offwind-ac,0.2944888177047367
onwind,13.386573362580723
OCGT,3.674919914772948
nuclear,0.0
lignite,7.081088760272551
offwind-dc,0.34789965589464805
biomass,3.308271833017177
hydro,0.052910448001317785
PHS,1.3883724076451838
ror,0.8555305867087043
,0.0
battery,0.0
H2,0.0
load,0.0
