Carrier,0
AC,3.4709370930042938
DC,0.4338258823536057
oil,0.03432615090082143
CCGT,0.0
solar,2.23978296167926
geothermal,0.0
coal,2.751017317061296
offwind-ac,0.2944927499462796
onwind,12.96829877804709
OCGT,3.877009169799972
nuclear,0.0
lignite,7.081088760272551
offwind-dc,0.057176533927719396
biomass,3.378782948902275
hydro,0.05290245062491371
PHS,1.3883776922134674
ror,0.8554611349615604
,0.0
battery,0.0
H2,0.0
load,0.0
