Carrier,0
AC,2.973557504269556
DC,0.06397052190796998
oil,0.03432615090082143
CCGT,0.0
solar,5.92209997741877
geothermal,0.0
coal,2.751017317061296
offwind-ac,0.6223870077436295
onwind,9.500622962909599
OCGT,5.037399746963247
nuclear,0.0
lignite,7.081088760272551
offwind-dc,0.057176621995335554
biomass,3.011461823650258
hydro,0.05291194536018731
PHS,1.3883718035736838
ror,0.855529141648784
,0.0
battery,0.0
H2,0.0
load,0.0
