Carrier,0
AC,3.399178079322811
DC,0.43362873871118457
oil,0.11974725240054938
CCGT,0.0
solar,1.9742214998720253
geothermal,0.0
coal,8.136630727030917
offwind-ac,0.2944450601077448
onwind,12.395617946138717
OCGT,12.296638869652305
nuclear,0.0
lignite,7.137760926668796
offwind-dc,0.05717653392771938
biomass,3.1418212555775336
hydro,0.052910448001317785
PHS,1.3884140498487567
ror,0.8555233584162182
,0.0
battery,0.0
H2,0.0
load,40.229245038037384
