Carrier,0
AC,3.463578124994357
DC,0.43390500339681864
oil,0.03432615090082143
CCGT,0.0
solar,1.9739414182180635
geothermal,0.0
coal,2.751017317061296
offwind-ac,0.29449192805628355
onwind,13.386654371195892
OCGT,3.6838016456550737
nuclear,0.0
lignite,7.081088760272551
offwind-dc,0.3479167285204543
biomass,3.3919952060564182
hydro,0.052910448001317785
PHS,1.388377003036694
ror,0.8555309383163239
,0.0
battery,0.0
H2,0.0
load,0.0
