Carrier,0
AC,3.502223185620444
DC,0.6305494434568502
oil,0.03432615090082143
CCGT,0.0
solar,1.9737694643356094
geothermal,0.0
coal,2.751017317061296
offwind-ac,0.2944896296331561
onwind,13.386616677940653
OCGT,2.8951264213729555
nuclear,0.0
lignite,7.081088760272551
offwind-dc,1.2701363040982943
biomass,3.284456183655102
hydro,0.05291042932955461
PHS,1.3883710549469668
ror,0.8555307855718822
,0.0
battery,0.0
H2,0.0
load,0.0
