Carrier,0
AC,3.400377377798654
DC,0.43391864756300796
oil,0.03432615090082143
CCGT,0.0
solar,2.4050327400329707
geothermal,0.0
coal,2.751017317061296
offwind-ac,0.2944927499462796
onwind,12.396356501937188
OCGT,4.341248382300305
nuclear,0.0
lignite,7.081088760272551
offwind-dc,0.057176533927719396
biomass,3.3406809784130904
hydro,0.052910448001317785
PHS,1.3883764121337905
ror,0.8555309383163239
,0.0
battery,0.0
H2,0.0
load,0.0
