Carrier,0
AC,3.041254431250382
DC,0.26861085254453226
oil,0.03432615090082143
CCGT,0.0
solar,5.751784497778158
geothermal,0.0
coal,2.751017317061296
offwind-ac,0.6223986166951048
onwind,10.198551296301313
OCGT,3.860519893334248
nuclear,0.0
lignite,7.081088760272551
offwind-dc,0.057176621995335575
biomass,3.427998888179036
hydro,0.05291194536018731
PHS,1.3883733784510888
ror,0.855529141648784
,0.0
battery,0.0
H2,0.0
load,0.0
