Carrier,0
AC,2.968904400825318
DC,0.2555663819626204
oil,0.03432615090082143
CCGT,0.0
solar,8.460978130755828
geothermal,0.0
coal,2.751017317061296
offwind-ac,0.622285771945535
onwind,8.718662167324304
OCGT,5.521593078684968
nuclear,0.0
lignite,7.081088760272551
offwind-dc,0.05716577824275039
biomass,3.4595826764059674
hydro,0.05291194536018731
PHS,1.3883702522156813
ror,0.855529141648784
,0.0
battery,0.0
H2,0.0
load,0.0
