Carrier,0
AC,3.399178079322811
DC,0.43379013720105036
oil,0.03432615090082143
CCGT,0.0
solar,1.974277981989847
geothermal,0.0
coal,2.751017317061296
offwind-ac,0.2944860852956732
onwind,12.396279042913143
OCGT,10.51775873665401
nuclear,0.0
lignite,7.081088760272551
offwind-dc,0.05717653392771938
biomass,3.3668598850819875
hydro,0.05290405076159312
PHS,1.3883737676683974
ror,0.8554770067344394
,0.0
battery,0.0
H2,0.0
load,0.0
