Carrier,0
AC,3.399178079322811
DC,0.43382399601380767
oil,0.03432615090082143
CCGT,0.0
solar,1.9742777034229995
geothermal,0.0
coal,2.751017317061296
offwind-ac,0.29448571568919213
onwind,12.3962769285314
OCGT,5.874813275023155
nuclear,0.0
lignite,7.081088760272551
offwind-dc,0.05717653392771938
biomass,3.2772484601042997
hydro,0.052907764536201426
PHS,1.3883752937427813
ror,0.8555045291163818
,0.0
battery,0.0
H2,0.0
load,0.0
