Carrier,0
AC,3.399178079322811
DC,0.433889058424376
oil,0.03432615090082143
CCGT,0.0
solar,1.974062305991953
geothermal,0.0
coal,2.751017317061296
offwind-ac,0.29448535133986187
onwind,12.396274815189543
OCGT,7.153732333882663
nuclear,0.0
lignite,7.081088760272551
offwind-dc,0.05717653392771938
biomass,3.368058994319053
hydro,0.052910448001317785
PHS,1.3883739371578518
ror,0.8555301746244028
,0.0
battery,0.0
H2,0.0
load,0.0
