Carrier,0
AC,3.399178079322811
DC,0.4338852830545572
oil,0.03432615090082143
CCGT,0.0
solar,1.9740625845588007
geothermal,0.0
coal,2.751017317061296
offwind-ac,0.294485720946343
onwind,12.3962773259522
OCGT,7.209657627774486
nuclear,0.0
lignite,7.081088760272551
offwind-dc,0.05717653392771938
biomass,3.368352923990785
hydro,0.052910448001317785
PHS,1.3883736362022259
ror,0.8555302237959979
,0.0
battery,0.0
H2,0.0
load,0.0
