Carrier,0
AC,3.007767762544135
DC,0.14249207566547775
oil,0.03432615090082143
CCGT,0.0
solar,5.752389494122437
geothermal,0.0
coal,2.751017317061296
offwind-ac,0.6223986166951048
onwind,8.961264443370931
OCGT,4.460927506279831
nuclear,0.0
lignite,7.081088760272551
offwind-dc,0.057176621995335554
biomass,2.9342393363787185
hydro,0.052907634244205845
PHS,1.3883699821055258
ror,0.855494603010852
,0.0
battery,0.0
H2,0.0
load,0.0
