Carrier,0
AC,3.359842359879722
DC,0.3739310159594572
oil,0.03432615090082143
CCGT,0.0
solar,5.750423870995557
geothermal,0.0
coal,2.751017317061296
offwind-ac,0.6223867264618934
onwind,13.559286176430824
OCGT,3.730779169017334
nuclear,0.0
lignite,7.081088760272551
offwind-dc,0.057176621995335554
biomass,3.288140455090982
hydro,0.05291194536018731
PHS,1.3883714655888786
ror,0.855529141648784
,0.0
battery,0.0
H2,0.0
load,0.0
