Carrier,0
AC,3.0174233660863927
DC,0.44877426351337935
oil,0.03432615090082143
CCGT,0.0
solar,5.752389494122437
geothermal,0.0
coal,2.751017317061296
offwind-ac,0.6223986166951048
onwind,9.054341976803418
OCGT,4.49786101573805
nuclear,0.0
lignite,7.081088760272551
offwind-dc,0.057176621995335554
biomass,2.6778127807724696
hydro,0.05290760566348018
PHS,1.3883701186355593
ror,0.8554907360575428
,0.0
battery,0.0
H2,0.0
load,0.0
