Carrier,0
AC,3.4190513714947635
DC,0.4337304519217825
oil,0.03432615090082143
CCGT,0.0
solar,4.069572279055802
geothermal,0.0
coal,2.751017317061296
offwind-ac,0.2944583595948783
onwind,12.394413065276959
OCGT,7.891947962131387
nuclear,0.0
lignite,7.081088760272551
offwind-dc,0.0571700066631573
biomass,2.7634316961998673
hydro,0.052910448001317785
PHS,1.3883713411593985
ror,0.8555305163961401
,0.0
battery,0.0
H2,0.0
load,0.0
