Carrier,0
AC,3.1013621442855897
DC,0.4111713820370651
oil,0.03432615090082143
CCGT,0.0
solar,5.7514819996060185
geothermal,0.0
coal,2.751017317061296
offwind-ac,0.62239427516371
onwind,10.86914475337061
OCGT,3.5288887542691567
nuclear,0.0
lignite,7.081088760272551
offwind-dc,0.057176621995335554
biomass,3.0212161171380685
hydro,0.05291194536018731
PHS,1.3883704797530905
ror,0.855529141648784
,0.0
battery,0.0
H2,0.0
load,0.0
