Carrier,0
AC,3.4765208666207132
DC,0.4335725321878227
oil,0.03432615090082143
CCGT,0.0
solar,6.843774875532272
geothermal,0.0
coal,2.751017317061296
offwind-ac,0.29443672358569906
onwind,12.393464925282167
OCGT,6.2582854688019545
nuclear,0.0
lignite,7.081088760272551
offwind-dc,0.057165273558762005
biomass,3.1788295460633518
hydro,0.052910448001317785
PHS,1.3883721105161075
ror,0.8555305163961401
,0.0
battery,0.0
H2,0.0
load,0.0
