Carrier,0
AC,2.928496229369226
DC,0.34362309914206624
oil,0.03432615090082143
CCGT,0.0
solar,5.752389494122437
geothermal,0.0
coal,2.751017317061296
offwind-ac,0.6223589406406881
onwind,9.777325334702248
OCGT,5.047298269412367
nuclear,0.0
lignite,7.081088760272551
offwind-dc,0.057172857734936446
biomass,2.9492990851121776
hydro,0.05291194536018731
PHS,1.3883692035801836
ror,0.855529141648784
,0.0
battery,0.0
H2,0.0
load,0.0
