Carrier,0
AC,3.3994230535020207
DC,0.4337756440269978
oil,0.03432615090082143
CCGT,0.0
solar,3.4345761366069882
geothermal,0.0
coal,2.751017317061296
offwind-ac,0.2944868551703026
onwind,12.396181917612251
OCGT,4.617592728293365
nuclear,0.0
lignite,7.081088760272551
offwind-dc,0.057176533927719396
biomass,3.1443062518684233
hydro,0.052910448001317785
PHS,1.3883742235792238
ror,0.8555306457161818
,0.0
battery,0.0
H2,0.0
load,0.0
