Carrier,0
AC,3.3993324218086127
DC,0.4338626022107773
oil,0.03432615090082143
CCGT,0.0
solar,2.301925789836571
geothermal,0.0
coal,2.751017317061296
offwind-ac,0.2944918710036771
onwind,12.39634000892473
OCGT,4.867465910335804
nuclear,0.0
lignite,7.081088760272551
offwind-dc,0.057176533927719396
biomass,3.313556750623579
hydro,0.052910448001317785
PHS,1.3883783329653352
ror,0.8555309383163239
,0.0
battery,0.0
H2,0.0
load,0.0
