Carrier,0
AC,3.1013621442855897
DC,0.41116019336594556
oil,0.03432615090082143
CCGT,0.0
solar,5.751481999606019
geothermal,0.0
coal,2.751017317061296
offwind-ac,0.6223986166951048
onwind,10.869181416200123
OCGT,3.4532177548426994
nuclear,0.0
lignite,7.081088760272551
offwind-dc,0.057176621995335575
biomass,3.43859366831812
hydro,0.05291194536018731
PHS,1.3883713055687783
ror,0.855529141648784
,0.0
battery,0.0
H2,0.0
load,0.0
