Carrier,0
AC,3.44455551988113
DC,0.44758352167835214
oil,0.03432615090082143
CCGT,0.0
solar,1.974277981989847
geothermal,0.0
coal,2.751017317061296
offwind-ac,0.29448810371938616
onwind,12.64606402483856
OCGT,4.741439047440858
nuclear,0.0
lignite,7.081088760272551
offwind-dc,0.05717653392771938
biomass,3.1831237392478275
hydro,0.052907249381455454
PHS,1.3883730959934562
ror,0.8555036152652186
,0.0
battery,0.0
H2,0.0
load,0.0
