Carrier,0
AC,2.906630257371175
DC,0.06397371120415725
oil,0.03432615090082143
CCGT,0.0
solar,9.640261928957392
geothermal,0.0
coal,2.9843116634782625
offwind-ac,0.6223172748482446
onwind,8.720140299128301
OCGT,5.744990263161202
nuclear,0.0
lignite,7.082580141861806
offwind-dc,0.05717062561157758
biomass,2.997531698103674
hydro,0.05291194536018731
PHS,1.3883725629859822
ror,0.855529141648784
,0.0
battery,0.0
H2,0.0
load,0.0
