Carrier,0
AC,3.09370173405944
DC,0.3100871878109611
oil,0.03432615090082143
CCGT,0.0
solar,5.752389494122437
geothermal,0.0
coal,2.751017317061296
offwind-ac,0.6223966881113719
onwind,9.431451522340994
OCGT,4.110321978080406
nuclear,0.0
lignite,7.081088760272551
offwind-dc,0.057176621995335554
biomass,2.9399149361906742
hydro,0.05290169342891755
PHS,1.3883701186355593
ror,0.8554501769130479
,0.0
battery,0.0
H2,0.0
load,0.0
