Carrier,0
AC,2.8859664803946363
DC,0.06399970219831691
oil,0.03432615090082143
CCGT,0.0
solar,5.7508600950419915
geothermal,0.0
coal,2.751017317061296
offwind-ac,0.6223938605707063
onwind,8.7203329392072
OCGT,14.908926519718337
nuclear,0.0
lignite,7.094324699796513
offwind-dc,0.057176621995335554
biomass,3.404507444574979
hydro,0.05291194536018731
PHS,1.3883696244179158
ror,0.855529141648784
,0.0
battery,0.0
H2,0.0
load,0.0
