Carrier,0
AC,2.9449703535497918
DC,0.06398199202955203
oil,0.03432615090082143
CCGT,0.0
solar,5.752389494122437
geothermal,0.0
coal,2.751017317061296
offwind-ac,0.6223966881113719
onwind,8.881116231198538
OCGT,4.914885632432715
nuclear,0.0
lignite,7.081088760272551
offwind-dc,0.057176621995335554
biomass,3.1572151897089387
hydro,0.05291194536018731
PHS,1.3883724971038953
ror,0.855529141648784
,0.0
battery,0.0
H2,0.0
load,0.0
