Carrier,0
AC,3.4520110907127486
DC,0.4398626383181551
oil,0.03432615090082143
CCGT,0.0
solar,1.9742796733005181
geothermal,0.0
coal,2.751017317061296
offwind-ac,0.29449461583182246
onwind,12.4122640279071
OCGT,5.29137365251737
nuclear,0.0
lignite,7.081088760272551
offwind-dc,0.057176533927719396
biomass,3.4012447509827317
hydro,0.052907764536201426
PHS,1.3883735277633091
ror,0.855505081848211
,0.0
battery,0.0
H2,0.0
load,0.0
