Carrier,0
AC,2.9603742971491123
DC,0.06397606741780582
oil,0.03432615090082143
CCGT,0.0
solar,5.752389494122437
geothermal,0.0
coal,2.751017317061296
offwind-ac,0.6223836208382142
onwind,9.22448581230405
OCGT,4.8840400501272985
nuclear,0.0
lignite,7.081088760272551
offwind-dc,0.05717578919193785
biomass,3.154682650027002
hydro,0.05291194536018731
PHS,1.3883725452752034
ror,0.855529141648784
,0.0
battery,0.0
H2,0.0
load,0.0
