Carrier,0
AC,3.399178079322811
DC,0.43375688651871325
oil,0.08388695244210362
CCGT,0.0
solar,1.9742375973604145
geothermal,0.0
coal,6.324703574700352
offwind-ac,0.29446155346939085
onwind,12.396072491009399
OCGT,11.185613341330274
nuclear,0.0
lignite,7.119864453069981
offwind-dc,0.05717653392771938
biomass,3.2159319444684473
hydro,0.052910448001317785
PHS,1.3883969979623074
ror,0.8555259430193948
,0.0
battery,0.0
H2,0.0
load,18.86923944659844
