Carrier,0
AC,3.359842359879722
DC,0.37392237290979835
oil,0.03432615090082143
CCGT,0.0
solar,5.750428140856884
geothermal,0.0
coal,2.751017317061296
offwind-ac,0.6223940113532822
onwind,13.559382734573756
OCGT,2.2788253112655066
nuclear,0.0
lignite,7.081088760272551
offwind-dc,0.057176621995335575
biomass,3.367406210363983
hydro,0.05291194536018731
PHS,1.388393938834512
ror,0.855529141648784
,0.0
battery,0.0
H2,0.0
load,0.0
