Carrier,0
AC,2.8859664803946363
DC,0.06396465609552561
oil,0.03432615090082143
CCGT,0.0
solar,5.752389494128657
geothermal,0.0
coal,2.751017317061296
offwind-ac,0.6223421943203199
onwind,8.719524895150508
OCGT,7.472655910444935
nuclear,0.0
lignite,7.0986914857157
offwind-dc,0.05717120011904297
biomass,3.213677718533804
hydro,0.05291194536018731
PHS,1.3883705430190907
ror,0.855529141648784
,0.0
battery,0.0
H2,0.0
load,0.0
