Carrier,0
AC,3.399178079322811
DC,0.43382132123058986
oil,0.0618765264684137
CCGT,0.0
solar,1.9742689313273853
geothermal,0.0
coal,4.7657227284696955
offwind-ac,0.2944787917801391
onwind,12.39622998088005
OCGT,7.977234616724228
nuclear,0.0
lignite,7.100476606671266
offwind-dc,0.05717653392771938
biomass,3.021840488098219
hydro,0.052910448001317785
PHS,1.388379361509808
ror,0.8555297275467572
,0.0
battery,0.0
H2,0.0
load,11.182824234089537
