Carrier,0
AC,3.399178079322811
DC,0.43379172229762325
oil,0.03432615090082143
CCGT,0.0
solar,1.9742777034229995
geothermal,0.0
coal,2.751017317061296
offwind-ac,0.29448571568919213
onwind,12.39627538297244
OCGT,8.774156808926902
nuclear,0.0
lignite,7.081088760272551
offwind-dc,0.05717653392771938
biomass,3.3531284888492974
hydro,0.05290644931311574
PHS,1.3883743405110964
ror,0.855495378427067
,0.0
battery,0.0
H2,0.0
load,0.0
