Carrier,0
AC,3.4543930670124445
DC,0.44551224152856367
oil,0.03432615090082143
CCGT,0.0
solar,1.9740844676778984
geothermal,0.0
coal,2.751017317061296
offwind-ac,0.2944927499462796
onwind,13.061362344484522
OCGT,4.377285524551065
nuclear,0.0
lignite,7.081088760272551
offwind-dc,0.057176533927719396
biomass,3.3960324279705767
hydro,0.052910448001317785
PHS,1.388377272299073
ror,0.8555309383163239
,0.0
battery,0.0
H2,0.0
load,0.0
