Carrier,0
AC,3.399178079322986
DC,0.4339007192541481
oil,0.03432615090082143
CCGT,0.0
solar,2.192272025914418
geothermal,0.0
coal,2.751017317061296
offwind-ac,0.294485720946343
onwind,12.396279398171853
OCGT,4.458939416426092
nuclear,0.0
lignite,7.081088760272551
offwind-dc,0.05717653392771938
biomass,3.0819500474136587
hydro,0.052910448001317785
PHS,1.3883748471283581
ror,0.8555302237959979
,0.0
battery,0.0
H2,0.0
load,0.0
