Carrier,0
AC,3.1836404726700422
DC,0.31388088904001715
oil,0.03432615090082143
CCGT,0.0
solar,5.751081925278735
geothermal,0.0
coal,2.751017317061296
offwind-ac,0.6223985252927302
onwind,11.606437170724377
OCGT,3.7684004671806353
nuclear,0.0
lignite,7.081088760272551
offwind-dc,0.057176621995335575
biomass,3.4000109563375833
hydro,0.05291194536018731
PHS,1.3883756826137852
ror,0.855529141648784
,0.0
battery,0.0
H2,0.0
load,0.0
