Carrier,0
AC,2.988980412805366
DC,0.21181482280713723
oil,0.03432615090082143
CCGT,0.0
solar,5.752389494122437
geothermal,0.0
coal,2.751017317061296
offwind-ac,0.6223995810074396
onwind,8.905564686928347
OCGT,4.53310274498315
nuclear,0.0
lignite,7.081088760272551
offwind-dc,0.057176621995335575
biomass,3.4455981300921374
hydro,0.05290852804976406
PHS,1.388369925488841
ror,0.8555028200702053
,0.0
battery,0.0
H2,0.0
load,0.0
