Carrier,0
AC,2.8859664803946363
DC,0.06395915293301135
oil,0.03432615090082143
CCGT,0.0
solar,5.752389494128657
geothermal,0.0
coal,2.751017317061296
offwind-ac,0.622285771945535
onwind,8.71863039869717
OCGT,11.30709073741676
nuclear,0.0
lignite,7.201376960140616
offwind-dc,0.05716577824275039
biomass,3.4424714457316337
hydro,0.05291194536018731
PHS,1.388369397635688
ror,0.855529141648784
,0.0
battery,0.0
H2,0.0
load,0.0
