Carrier,0
AC,3.040882927665151
DC,0.19774198796454664
oil,0.03432615090082143
CCGT,0.0
solar,5.751879694426883
geothermal,0.0
coal,2.751017317061296
offwind-ac,0.6223966881113719
onwind,9.959327716624431
OCGT,4.029653694757803
nuclear,0.0
lignite,7.081088760272551
offwind-dc,0.057176621995335554
biomass,2.8135856854657555
hydro,0.05291194536018731
PHS,1.388369371718735
ror,0.855529141648784
,0.0
battery,0.0
H2,0.0
load,0.0
