Carrier,0
AC,2.8859664803946363
DC,0.06395251960214492
oil,0.03432615090082143
CCGT,0.0
solar,5.752389494128657
geothermal,0.0
coal,2.751017317061296
offwind-ac,0.6223938605707063
onwind,8.720337152123012
OCGT,6.658929409947865
nuclear,0.0
lignite,7.113690205823612
offwind-dc,0.057176621995335554
biomass,2.9918792524190176
hydro,0.05290760566348018
PHS,1.3883706240339209
ror,0.8554907360575428
,0.0
battery,0.0
H2,0.0
load,0.0
