Carrier,0
AC,3.4153466034788016
DC,0.44891104722218733
oil,0.03432615090082143
CCGT,0.0
solar,1.9742789417675852
geothermal,0.0
coal,2.751017317061296
offwind-ac,0.294480920540875
onwind,13.385945524182612
OCGT,4.986407018891762
nuclear,0.0
lignite,7.081088760272551
offwind-dc,0.057174358172865355
biomass,3.0578766139645785
hydro,0.052910448001317785
PHS,1.3883716399023325
ror,0.8555305163961401
,0.0
battery,0.0
H2,0.0
load,0.0
