Carrier,0
AC,2.9958500105754218
DC,0.29405003692442266
oil,0.03432615090082143
CCGT,0.0
solar,5.752389494122437
geothermal,0.0
coal,2.751017317061296
offwind-ac,0.6223988864817103
onwind,9.139990595817988
OCGT,4.311424476854927
nuclear,0.0
lignite,7.081088760272551
offwind-dc,0.057176621995335575
biomass,3.429850222084478
hydro,0.052905110739340795
PHS,1.3883705071001489
ror,0.8554764984916267
,0.0
battery,0.0
H2,0.0
load,0.0
