Carrier,0
AC,3.146105615801588
DC,0.25317754434844236
oil,0.03432615090082143
CCGT,0.0
solar,5.7513698947313285
geothermal,0.0
coal,2.751017317061296
offwind-ac,0.6223976199291611
onwind,11.25951409285521
OCGT,3.087171194165397
nuclear,0.0
lignite,7.081088760272551
offwind-dc,0.057176621995335575
biomass,3.425936981764073
hydro,0.05291194536018731
PHS,1.3883794422467493
ror,0.855529141648784
,0.0
battery,0.0
H2,0.0
load,0.0
