Carrier,0
AC,2.9603742971491123
DC,0.06397540990869825
oil,0.03432615090082143
CCGT,0.0
solar,5.752389494122437
geothermal,0.0
coal,2.751017317061296
offwind-ac,0.6223908948129336
onwind,9.224517554401233
OCGT,4.901700844411498
nuclear,0.0
lignite,7.081088760272551
offwind-dc,0.057175789191937866
biomass,3.22751180696665
hydro,0.05291194536018731
PHS,1.3883757520659494
ror,0.855529141648784
,0.0
battery,0.0
H2,0.0
load,0.0
