Carrier,0
AC,3.4090963838860913
DC,0.4337960776575013
oil,0.03432615090082143
CCGT,0.0
solar,2.9918602452645326
geothermal,0.0
coal,2.751017317061296
offwind-ac,0.29447205488582573
onwind,13.38528003592047
OCGT,5.448509935198264
nuclear,0.0
lignite,7.081088760272551
offwind-dc,0.057172182418011336
biomass,3.4443192075861946
hydro,0.052910448001317785
PHS,1.3883738252810676
ror,0.8555309383163239
,0.0
battery,0.0
H2,0.0
load,0.0
