Carrier,0
AC,3.399178079322811
DC,0.43378498839190954
oil,0.0372862203126274
CCGT,0.0
solar,1.9742777034229995
geothermal,0.0
coal,2.81519643535614
offwind-ac,0.2944868551703026
onwind,12.396165319660696
OCGT,8.042420736437375
nuclear,0.0
lignite,7.081088760272551
offwind-dc,0.05717653392771938
biomass,3.316020100785121
hydro,0.052910448001317785
PHS,1.3883754165868334
ror,0.8555301746244028
,0.0
battery,0.0
H2,0.0
load,0.0
