Carrier,0
AC,2.9486770823319546
DC,0.06396882969516086
oil,0.03432615090082143
CCGT,0.0
solar,6.636367476003642
geothermal,0.0
coal,2.751017317061296
offwind-ac,0.6223722754843427
onwind,9.552156403220476
OCGT,4.803254846435061
nuclear,0.0
lignite,7.081088760272551
offwind-dc,0.05717436609610339
biomass,3.1366863299464454
hydro,0.05291194536018731
PHS,1.3883730374797274
ror,0.855529141648784
,0.0
battery,0.0
H2,0.0
load,0.0
