Carrier,0
AC,2.9776896593798012
DC,0.35896347035245924
oil,0.03432615090082143
CCGT,0.0
solar,5.752389494122437
geothermal,0.0
coal,2.751017317061296
offwind-ac,0.6223503755825218
onwind,10.009084560798842
OCGT,5.750983898087705
nuclear,0.0
lignite,7.081088760272551
offwind-dc,0.05717225796008972
biomass,3.4465305695312014
hydro,0.05291194536018731
PHS,1.3883697623919373
ror,0.855529141648784
,0.0
battery,0.0
H2,0.0
load,0.0
