Carrier,0
AC,3.399178079322986
DC,0.4338861990301771
oil,0.03432615090082143
CCGT,0.0
solar,3.3429622949502895
geothermal,0.0
coal,2.751017317061296
offwind-ac,0.2944877341129051
onwind,12.396298427496063
OCGT,4.009918815421186
nuclear,0.0
lignite,7.081088760272551
offwind-dc,0.057176533927719396
biomass,3.173213238074214
hydro,0.052910448001317785
PHS,1.388375797965088
ror,0.8555302237959979
,0.0
battery,0.0
H2,0.0
load,0.0
