Carrier,0
AC,3.399178079322986
DC,0.4338845630526718
oil,0.03432615090082143
CCGT,0.0
solar,3.3429622949502895
geothermal,0.0
coal,2.751017317061296
offwind-ac,0.29448810371938616
onwind,12.396300947763729
OCGT,4.47761902798292
nuclear,0.0
lignite,7.081088760272551
offwind-dc,0.05717653392771938
biomass,3.1587098564261087
hydro,0.052910448001317785
PHS,1.3883754412300027
ror,0.8555302237959979
,0.0
battery,0.0
H2,0.0
load,0.0
