Carrier,0
AC,2.916447991258907
DC,0.4064882366299305
oil,0.03432615090082143
CCGT,0.0
solar,5.752389494122437
geothermal,0.0
coal,2.751017317061296
offwind-ac,0.6223744961388132
onwind,9.319013104426194
OCGT,5.1882599431432155
nuclear,0.0
lignite,7.081088760272551
offwind-dc,0.05717443997771265
biomass,3.4595826764059674
hydro,0.05291194536018731
PHS,1.3883696910202896
ror,0.855529141648784
,0.0
battery,0.0
H2,-2.9598025287635527e-21
load,0.0
