Carrier,0
AC,3.4048617938573327
DC,0.4338362735671887
oil,0.03432615090082143
CCGT,0.0
solar,4.1392084923440535
geothermal,0.0
coal,2.751017317061296
offwind-ac,0.29446804146017147
onwind,12.395038153214273
OCGT,4.730308109739401
nuclear,0.0
lignite,7.081088760272551
offwind-dc,0.057171127613151816
biomass,3.4555555265677977
hydro,0.052910448001317785
PHS,1.3883733387666837
ror,0.8555309383163239
,0.0
battery,0.0
H2,0.0
load,0.0
