Carrier,0
AC,3.399178079322811
DC,0.4339116513568852
oil,0.03432615090082143
CCGT,0.0
solar,1.974277981989847
geothermal,0.0
coal,2.751017317061296
offwind-ac,0.2944860852956732
onwind,12.396279732646464
OCGT,7.7941132646475815
nuclear,0.0
lignite,7.081088760272551
offwind-dc,0.05717653392771938
biomass,3.320531447325229
hydro,0.052910448001317785
PHS,1.3883744314798927
ror,0.8555302237959979
,0.0
battery,0.0
H2,0.0
load,0.0
