Carrier,0
AC,3.0612497683320217
DC,0.19222370603057132
oil,0.03432615090082143
CCGT,0.0
solar,5.7517357097005855
geothermal,0.0
coal,2.751017317061296
offwind-ac,0.62239427516371
onwind,10.251534209601965
OCGT,4.177602324067924
nuclear,0.0
lignite,7.081088760272551
offwind-dc,0.057176621995335554
biomass,2.782802915216472
hydro,0.05291194536018731
PHS,1.3883700472639118
ror,0.855529141648784
,0.0
battery,0.0
H2,0.0
load,0.0
