Carrier,0
AC,3.399178079322811
DC,0.4337811810871641
oil,0.0372862203126274
CCGT,0.0
solar,1.974277981989847
geothermal,0.0
coal,2.81519643535614
offwind-ac,0.29448722477678363
onwind,12.39616778751941
OCGT,8.112469779972223
nuclear,0.0
lignite,7.081088760272551
offwind-dc,0.05717653392771938
biomass,3.316483086421653
hydro,0.052910448001317785
PHS,1.3883751156312072
ror,0.8555302237959979
,0.0
battery,0.0
H2,0.0
load,0.0
