Carrier,0
AC,3.399178079322986
DC,0.43362358318494065
oil,0.03580618560659081
CCGT,0.0
solar,6.741569917527605
geothermal,0.0
coal,2.978624593464236
offwind-ac,0.29445967061670586
onwind,12.395738027499089
OCGT,6.097157062138815
nuclear,0.0
lignite,7.082580133072452
offwind-dc,0.05717653392771938
biomass,2.9594163208001345
hydro,0.052910448001317785
PHS,1.3883905686128422
ror,0.8555281331258554
,0.0
battery,0.0
H2,0.0
load,0.0
