Carrier,0
AC,3.399178079322811
DC,0.43375115227754063
oil,0.03432615090082143
CCGT,0.0
solar,1.9742789417675852
geothermal,0.0
coal,2.751017317061296
offwind-ac,0.29446562664222237
onwind,12.395010193938884
OCGT,13.84065684041789
nuclear,0.0
lignite,7.081088760272551
offwind-dc,0.057171127613151795
biomass,3.422500433008489
hydro,0.052910448001317785
PHS,1.3883709885454
ror,0.8555305163961401
,0.0
battery,0.0
H2,0.0
load,0.0
