Carrier,0
AC,2.8859664803946363
DC,0.06398267508412563
oil,0.03432615090082143
CCGT,0.0
solar,5.751081925284952
geothermal,0.0
coal,2.751017317061296
offwind-ac,0.6223938605707063
onwind,8.720327721996611
OCGT,11.142037130510955
nuclear,0.0
lignite,7.2606236330755705
offwind-dc,0.057176621995335554
biomass,3.4159452097382528
hydro,0.05291194536018731
PHS,1.388369997876328
ror,0.855529141648784
,0.0
battery,0.0
H2,0.0
load,0.0
