Carrier,0
AC,3.399178079322811
DC,0.4339295363206699
oil,0.03432615090082143
CCGT,0.0
solar,1.9740827763672275
geothermal,0.0
coal,2.751017317061296
offwind-ac,0.2944860852956732
onwind,12.396279760759041
OCGT,7.2077636251615615
nuclear,0.0
lignite,7.081088760272551
offwind-dc,0.05717653392771938
biomass,3.3568608279904573
hydro,0.052910448001317785
PHS,1.3883743414302228
ror,0.8555302237959979
,0.0
battery,0.0
H2,0.0
load,0.0
