Carrier,0
AC,3.4090963838860913
DC,0.4337797838273233
oil,0.03432615090082143
CCGT,0.0
solar,2.9918595137316
geothermal,0.0
coal,2.751017317061296
offwind-ac,0.2944696400678766
onwind,13.38524936625598
OCGT,5.35910183427133
nuclear,0.0
lignite,7.081088760272551
offwind-dc,0.05717218241801133
biomass,2.8910278216620284
hydro,0.052910448001317785
PHS,1.3883713411593985
ror,0.8555305163961401
,0.0
battery,0.0
H2,0.0
load,0.0
