Carrier,0
AC,3.402738671691409
DC,0.43381615002367335
oil,0.03580618560661765
CCGT,0.0
solar,5.207518711930454
geothermal,0.0
coal,2.8157486378455285
offwind-ac,0.2944855496169303
onwind,12.396280867839804
OCGT,5.089583715095609
nuclear,0.0
lignite,7.081088760272551
offwind-dc,0.05717653392771938
biomass,2.86008533032106
hydro,0.052910448001317785
PHS,1.3883701543297977
ror,0.8555309383163239
,0.0
battery,0.0
H2,0.0
load,0.0
