Carrier,0
AC,2.903856321054569
DC,0.3497984808494336
oil,0.03432615090082143
CCGT,0.0
solar,6.74859713992555
geothermal,0.0
coal,2.751017317061296
offwind-ac,0.6223421943203199
onwind,9.178948625789767
OCGT,5.090379218511913
nuclear,0.0
lignite,7.081088760272551
offwind-dc,0.05717120011904298
biomass,3.4595826764059674
hydro,0.05291194536018731
PHS,1.3883695810644041
ror,0.855529141648784
,0.0
battery,0.0
H2,0.0
load,0.0
