Carrier,0
AC,3.432263498049275
DC,0.4337823476312852
oil,0.03580618560672442
CCGT,0.0
solar,5.9259568691288
geothermal,0.0
coal,2.87343454093959
offwind-ac,0.2944728721750925
onwind,12.396164222877754
OCGT,4.254251985210248
nuclear,0.0
lignite,7.081088760272551
offwind-dc,0.057176533927719396
biomass,2.964446335387634
hydro,0.052910448001317785
PHS,1.3883803106888606
ror,0.8555294883088075
,0.0
battery,0.0
H2,0.0
load,0.0
