Carrier,0
AC,3.399178079322811
DC,0.433792116118059
oil,0.03432615090082143
CCGT,0.0
solar,1.974277981989847
geothermal,0.0
coal,2.751017317061296
offwind-ac,0.2944860852956732
onwind,12.396277008942889
OCGT,8.83272599651189
nuclear,0.0
lignite,7.081088760272551
offwind-dc,0.05717653392771938
biomass,3.352137377717114
hydro,0.05290644931311574
PHS,1.3883739888162243
ror,0.855495427598662
,0.0
battery,0.0
H2,0.0
load,0.0
