Carrier,0
AC,3.4105922478506856
DC,0.4338399029422797
oil,0.03432615090082143
CCGT,0.0
solar,1.974277981989847
geothermal,0.0
coal,2.751017317061296
offwind-ac,0.294485720946343
onwind,12.625995181536348
OCGT,4.377148040529901
nuclear,0.0
lignite,7.081088760272551
offwind-dc,0.05717653392771938
biomass,3.1785045072905587
hydro,0.052910448001317785
PHS,1.3883740781290315
ror,0.8555302237959979
,0.0
battery,0.0
H2,0.0
load,0.0
