Carrier,0
AC,2.97334800211662
DC,0.3065464677173184
oil,0.03432615090082143
CCGT,0.0
solar,8.881262674046027
geothermal,0.0
coal,2.751017317061296
offwind-ac,0.6222795885318547
onwind,8.718505777324713
OCGT,7.296792399483908
nuclear,0.0
lignite,7.081088760272551
offwind-dc,0.0571653292141382
biomass,3.1376127789176835
hydro,0.05291194536018731
PHS,1.3883747626957355
ror,0.855529141648784
,0.0
battery,0.0
H2,0.0
load,0.0
