Carrier,0
AC,3.460121301902561
DC,0.4338188781351985
oil,0.03432615090082143
CCGT,0.0
solar,1.974277981989847
geothermal,0.0
coal,2.751017317061296
offwind-ac,0.294485720946343
onwind,12.740987285331755
OCGT,4.52351478097476
nuclear,0.0
lignite,7.081088760272551
offwind-dc,0.05717653392771938
biomass,3.23178937482118
hydro,0.05290644931311574
PHS,1.3883743800037838
ror,0.855495427598662
,0.0
battery,0.0
H2,0.0
load,0.0
