Carrier,0
AC,3.408321036433364
DC,0.4337859210806798
oil,0.03432615090082143
CCGT,0.0
solar,5.227420647724315
geothermal,0.0
coal,2.751017317061296
offwind-ac,0.2944576308797063
onwind,12.39444554663542
OCGT,4.687436191798582
nuclear,0.0
lignite,7.081088760272551
offwind-dc,0.057169027015081135
biomass,3.415859206315592
hydro,0.052910448001317785
PHS,1.3883731834600264
ror,0.8555309383163239
,0.0
battery,0.0
H2,0.0
load,0.0
