Carrier,0
AC,3.400377377798654
DC,0.4339183766689208
oil,0.03432615090082143
CCGT,0.0
solar,2.4050310487223006
geothermal,0.0
coal,2.751017317061296
offwind-ac,0.294485720946343
onwind,12.396270886819414
OCGT,4.282952968716025
nuclear,0.0
lignite,7.081088760272551
offwind-dc,0.05717653392771938
biomass,3.1246130000230274
hydro,0.052910448001317785
PHS,1.3883747302228266
ror,0.8555302237959979
,0.0
battery,0.0
H2,0.0
load,0.0
