Carrier,0
AC,3.399178079322811
DC,0.43353118043009964
oil,0.03432615090082143
CCGT,0.0
solar,1.9742789417675852
geothermal,0.0
coal,2.751017317061296
offwind-ac,0.2944124778989202
onwind,12.392357031220902
OCGT,20.85666907309964
nuclear,0.0
lignite,7.8334612247242905
offwind-dc,0.057160314984016636
biomass,3.45110802799471
hydro,0.052910448001317785
PHS,1.3883706359314016
ror,0.8555305163961401
,0.0
battery,0.0
H2,0.0
load,0.0
