Carrier,0
AC,3.424851617531264
DC,0.4338862424758006
oil,0.03432615090082143
CCGT,0.0
solar,1.974109585981552
geothermal,0.0
coal,2.751017317061296
offwind-ac,0.29448640288678757
onwind,12.984655973233467
OCGT,4.441564986044066
nuclear,0.0
lignite,7.081088760272551
offwind-dc,0.05717653392771938
biomass,3.286598048170896
hydro,0.052910448001317785
PHS,1.3883720463873954
ror,0.8555306457161818
,0.0
battery,0.0
H2,0.0
load,0.0
