Carrier,0
AC,2.9428491007330937
DC,0.3567259738395194
oil,0.03432615090082143
CCGT,0.0
solar,9.969097195671125
geothermal,0.0
coal,2.751017317061296
offwind-ac,0.6222293495707502
onwind,8.717762660763498
OCGT,5.968860827246319
nuclear,0.0
lignite,7.081088760272551
offwind-dc,0.0571603563664578
biomass,3.036828606005738
hydro,0.05291194536018731
PHS,1.3883699133156986
ror,0.855529141648784
,0.0
battery,0.0
H2,0.0
load,0.0
