Carrier,0
AC,2.8859664803946363
DC,0.06395053680151594
oil,0.03432615090082143
CCGT,0.0
solar,5.752389494128657
geothermal,0.0
coal,2.751017317061296
offwind-ac,0.6222293495707502
onwind,8.717735880510189
OCGT,13.889105871098153
nuclear,0.0
lignite,8.08967229313598
offwind-dc,0.0571603563664578
biomass,3.4470463110638208
hydro,0.05291194536018731
PHS,1.3883692163081547
ror,0.855529141648784
,0.0
battery,0.0
H2,0.0
load,0.0
