Carrier,0
AC,2.9459560774588156
DC,0.06397973112443617
oil,0.03432615090082143
CCGT,0.0
solar,5.752389494122437
geothermal,0.0
coal,2.751017317061296
offwind-ac,0.6223931040508723
onwind,8.802496672904349
OCGT,4.931344635684581
nuclear,0.0
lignite,7.081088760272551
offwind-dc,0.057176621995335575
biomass,3.3833175644613664
hydro,0.05291194536018731
PHS,1.388373318785359
ror,0.855529141648784
,0.0
battery,0.0
H2,0.0
load,0.0
