Carrier,0
AC,3.502223185620444
DC,0.6305150265709538
oil,0.03432615090082143
CCGT,0.0
solar,1.973772290676836
geothermal,0.0
coal,2.751017317061296
offwind-ac,0.2944927499462796
onwind,13.38668175513933
OCGT,2.632222197624168
nuclear,0.0
lignite,7.081088760272551
offwind-dc,1.2701802951466499
biomass,3.367723683618432
hydro,0.052910448001317785
PHS,1.3883905616472825
ror,0.8555309383163239
,0.0
battery,0.0
H2,0.0
load,0.0
