Carrier,0
AC,2.8859664803946363
DC,0.06391589572787329
oil,0.03432615090082143
CCGT,0.0
solar,5.752389494128657
geothermal,0.0
coal,2.751017317061296
offwind-ac,0.6223938605707063
onwind,8.720336289814302
OCGT,6.913960168269255
nuclear,0.0
lignite,7.081088760272551
offwind-dc,0.057176621995335554
biomass,3.0837233282457572
hydro,0.052905110739340795
PHS,1.3883707339898064
ror,0.8554764984916267
,0.0
battery,0.0
H2,0.0
load,0.0
