Carrier,0
AC,2.9900047097623776
DC,0.3011488395490273
oil,0.03432615090082143
CCGT,0.0
solar,7.344707821705959
geothermal,0.0
coal,2.751017317061296
offwind-ac,0.6223192645862714
onwind,9.112993424987174
OCGT,5.511199351099558
nuclear,0.0
lignite,7.081088760272551
offwind-dc,0.05716909347453734
biomass,3.118344525894343
hydro,0.05291194536018731
PHS,1.3883704535097332
ror,0.855529141648784
,0.0
battery,0.0
H2,0.0
load,0.0
