Carrier,0
AC,3.399178079322986
DC,0.4339010890720052
oil,0.03432615090082143
CCGT,0.0
solar,2.9659959709810577
geothermal,0.0
coal,2.751017317061296
offwind-ac,0.29448810371938616
onwind,12.396284153714522
OCGT,4.516421351384462
nuclear,0.0
lignite,7.081088760272551
offwind-dc,0.05717653392771938
biomass,2.9294336796763623
hydro,0.052910448001317785
PHS,1.3883748671001628
ror,0.8555302237959979
,0.0
battery,0.0
H2,0.0
load,0.0
