Carrier,0
AC,2.8859664803946363
DC,0.06395948155970547
oil,0.03432615090082143
CCGT,0.0
solar,5.752389494128657
geothermal,0.0
coal,2.751017317061296
offwind-ac,0.6222795885318547
onwind,8.718478798782236
OCGT,12.337927612016392
nuclear,0.0
lignite,8.094675928048805
offwind-dc,0.05716532921413821
biomass,3.1712513404858274
hydro,0.05291194536018731
PHS,1.3883694430903826
ror,0.855529141648784
,0.0
battery,0.0
H2,0.0
load,0.0
