Carrier,0
AC,2.8859664803946363
DC,0.06395202977654017
oil,0.03432615090082143
CCGT,0.0
solar,5.752389494128657
geothermal,0.0
coal,2.751017317061296
offwind-ac,0.6223938605707063
onwind,8.72033670540717
OCGT,6.658607472097409
nuclear,0.0
lignite,7.113690205823612
offwind-dc,0.057176621995335554
biomass,2.9930783490920705
hydro,0.05290760566348018
PHS,1.3883706240339209
ror,0.8554907360575428
,0.0
battery,0.0
H2,0.0
load,0.0
