Carrier,0
AC,2.9413649931403527
DC,0.06397371164353954
oil,0.03432615090082143
CCGT,0.0
solar,6.255672133619293
geothermal,0.0
coal,2.751017317061296
offwind-ac,0.6223960033352555
onwind,8.990215774993942
OCGT,5.0736397338086405
nuclear,0.0
lignite,7.081088760272551
offwind-dc,0.057176621995335554
biomass,3.1800776908269004
hydro,0.05291194536018731
PHS,1.3883729744235926
ror,0.855529141648784
,0.0
battery,0.0
H2,0.0
load,0.0
