Carrier,0
AC,2.8859664803946363
DC,0.06396829916374457
oil,0.05356660474930682
CCGT,0.0
solar,5.752207647182073
geothermal,0.0
coal,3.5916439517913203
offwind-ac,0.622367350498854
onwind,8.720300197733403
OCGT,7.922775950575078
nuclear,0.0
lignite,7.1137126604568275
offwind-dc,0.05717388417901412
biomass,3.003102730146127
hydro,0.05291194536018731
PHS,1.3883702591127378
ror,0.855529141648784
,0.0
battery,0.0
H2,0.0
load,17.49637264558411
