Carrier,0
AC,3.424851617531264
DC,0.43388074569179313
oil,0.03432615090082143
CCGT,0.0
solar,1.9741105457592907
geothermal,0.0
coal,2.751017317061296
offwind-ac,0.29449192805628355
onwind,12.984730164607681
OCGT,4.467540303101502
nuclear,0.0
lignite,7.081088760272551
offwind-dc,0.057176533927719396
biomass,3.4007328629847176
hydro,0.052910448001317785
PHS,1.388380226639883
ror,0.8555309383163239
,0.0
battery,0.0
H2,0.0
load,0.0
