Carrier,0
AC,3.44455551988113
DC,0.4475775600421426
oil,0.03432615090082143
CCGT,0.0
solar,1.9742796733005181
geothermal,0.0
coal,2.751017317061296
offwind-ac,0.2944927499462796
onwind,12.646124147606578
OCGT,4.745340294295615
nuclear,0.0
lignite,7.081088760272551
offwind-dc,0.057176533927719396
biomass,3.3966404489382076
hydro,0.052907249381455454
PHS,1.3883787625565147
ror,0.8555042243054988
,0.0
battery,0.0
H2,0.0
load,0.0
