Carrier,0
AC,2.8859664803946363
DC,0.06390167983733361
oil,0.03432615090082143
CCGT,0.0
solar,5.752389494128657
geothermal,0.0
coal,2.751017317061296
offwind-ac,0.6223938605707063
onwind,8.720333711910692
OCGT,7.0397016525665
nuclear,0.0
lignite,7.343678848420655
offwind-dc,0.057176621995335554
biomass,3.134450167415988
hydro,0.052903323128224385
PHS,1.3883709261206854
ror,0.8554600643729199
,0.0
battery,0.0
H2,0.0
load,0.0
