Carrier,0
AC,3.464241838285676
DC,0.43750798235458743
oil,0.03432615090082143
CCGT,0.0
solar,1.974277981989847
geothermal,0.0
coal,2.751017317061296
offwind-ac,0.29448810371938616
onwind,12.500314697689708
OCGT,4.886693098486606
nuclear,0.0
lignite,7.081088760272551
offwind-dc,0.05717653392771938
biomass,3.115360260713526
hydro,0.0529091062687596
PHS,1.3883721930203474
ror,0.8555174010419874
,0.0
battery,0.0
H2,0.0
load,0.0
