Carrier,0
AC,3.1836404726700422
DC,0.3138998824680524
oil,0.03432615090082143
CCGT,0.0
solar,5.75108108471998
geothermal,0.0
coal,2.751017317061296
offwind-ac,0.6223957796342087
onwind,11.606362595347894
OCGT,4.14699971505521
nuclear,0.0
lignite,7.081088760272551
offwind-dc,0.057176621995335554
biomass,3.0801638956830804
hydro,0.05291194536018731
PHS,1.3883701685448393
ror,0.855529141648784
,0.0
battery,0.0
H2,0.0
load,0.0
