Carrier,0
AC,3.09370173405944
DC,0.3100963862003021
oil,0.03432615090082143
CCGT,0.0
solar,5.752389494122437
geothermal,0.0
coal,2.751017317061296
offwind-ac,0.6223986166951048
onwind,9.431460990096355
OCGT,4.030870903025654
nuclear,0.0
lignite,7.081088760272551
offwind-dc,0.057176621995335575
biomass,3.40375333652721
hydro,0.05290169342891755
PHS,1.3883704961197798
ror,0.8554501769130479
,0.0
battery,0.0
H2,0.0
load,0.0
