Carrier,0
AC,3.4543930670124445
DC,0.4455206829093218
oil,0.03432615090082143
CCGT,0.0
solar,1.9740835079001602
geothermal,0.0
coal,2.751017317061296
offwind-ac,0.29448760156240317
onwind,13.061295932353067
OCGT,4.388292415505168
nuclear,0.0
lignite,7.081088760272551
offwind-dc,0.05717653392771938
biomass,3.2812516310835673
hydro,0.052910448001317785
PHS,1.3883731042293903
ror,0.8555306457161818
,0.0
battery,0.0
H2,0.0
load,0.0
