Carrier,0
AC,3.399178079322811
DC,0.4338457534522358
oil,0.03432615090082143
CCGT,0.0
solar,1.9742796733005181
geothermal,0.0
coal,2.751017317061296
offwind-ac,0.2944927499462796
onwind,12.396356805100284
OCGT,5.084914630246082
nuclear,0.0
lignite,7.081088760272551
offwind-dc,0.057176533927719396
biomass,3.4011228001025184
hydro,0.052910448001317785
PHS,1.38837978882049
ror,0.8555309383163239
,0.0
battery,0.0
H2,0.0
load,0.0
