Carrier,0
AC,2.9971438043854257
DC,0.3957437232000251
oil,0.03432615090082143
CCGT,0.0
solar,5.752389494122437
geothermal,0.0
coal,2.751017317061296
offwind-ac,0.6223973797953547
onwind,9.032399707896278
OCGT,4.310974875897436
nuclear,0.0
lignite,7.081088760272551
offwind-dc,0.057176621995335554
biomass,2.681361725724874
hydro,0.05290905222904922
PHS,1.3883701186355593
ror,0.85550353792129
,0.0
battery,0.0
H2,0.0
load,0.0
