Carrier,0
AC,3.2364897229333223
DC,0.31468739649048866
oil,0.03432615090082143
CCGT,0.0
solar,5.750859282915621
geothermal,0.0
coal,2.751017317061296
offwind-ac,0.6223936420330629
onwind,12.59860671946158
OCGT,2.5614828327746113
nuclear,0.0
lignite,7.081088760272551
offwind-dc,0.057176621995335554
biomass,3.2434443376885222
hydro,0.05291194536018731
PHS,1.388370537441613
ror,0.855529141648784
,0.0
battery,0.0
H2,0.0
load,0.0
