Carrier,0
AC,3.4520110907127486
DC,0.4398615560539603
oil,0.03432615090082143
CCGT,0.0
solar,1.974277981989847
geothermal,0.0
coal,2.751017317061296
offwind-ac,0.29448810371938616
onwind,12.41218587278584
OCGT,5.243475614661815
nuclear,0.0
lignite,7.081088760272551
offwind-dc,0.05717653392771938
biomass,3.0825012798429503
hydro,0.052907764536201426
PHS,1.388373487695871
ror,0.8555045782879769
,0.0
battery,0.0
H2,0.0
load,0.0
