Carrier,0
AC,3.402738671691409
DC,0.43381277154481007
oil,0.03580618560672442
CCGT,0.0
solar,5.207519746030178
geothermal,0.0
coal,2.8157486378454784
offwind-ac,0.2944855189132639
onwind,12.396281056444906
OCGT,4.854219023409171
nuclear,0.0
lignite,7.081088760272551
offwind-dc,0.057176533927719396
biomass,2.8505500238695047
hydro,0.052910448001317785
PHS,1.388370208200862
ror,0.8555309383163239
,0.0
battery,0.0
H2,0.0
load,0.0
