Carrier,0
AC,3.4067280468200516
DC,0.4335518769744047
oil,0.03432615090082143
CCGT,0.0
solar,8.063368156782419
geothermal,0.0
coal,2.751017317061296
offwind-ac,0.2944148927168694
onwind,12.392378693282783
OCGT,6.04837077930338
nuclear,0.0
lignite,7.081088760272551
offwind-dc,0.057160314984016636
biomass,3.437827327207059
hydro,0.052910448001317785
PHS,1.388372463130106
ror,0.8555309383163239
,0.0
battery,0.0
H2,0.0
load,0.0
