Carrier,0
AC,3.399178079322811
DC,0.4337548242999763
oil,0.08388695244210362
CCGT,0.0
solar,1.974237875927262
geothermal,0.0
coal,6.324703574700352
offwind-ac,0.294461923075872
onwind,12.396075295244867
OCGT,11.238771333089597
nuclear,0.0
lignite,7.119864453069981
offwind-dc,0.05717653392771938
biomass,3.2166865292788174
hydro,0.052910448001317785
PHS,1.3883964515926062
ror,0.8555259921909899
,0.0
battery,0.0
H2,0.0
load,18.86923944659844
