Carrier,0
AC,2.988980412805366
DC,0.21188153941133628
oil,0.03432615090082143
CCGT,0.0
solar,5.752389494122437
geothermal,0.0
coal,2.751017317061296
offwind-ac,0.6223986166951048
onwind,8.905559693243298
OCGT,4.5165997202211665
nuclear,0.0
lignite,7.081088760272551
offwind-dc,0.057176621995335554
biomass,2.844555850314866
hydro,0.05290852804976406
PHS,1.388369925488841
ror,0.8555028200702053
,0.0
battery,0.0
H2,0.0
load,0.0
